{
    "merchant":[
        {
            "merchantID": 8347123,
            "merchantUrl": "https://starbucks.com",
            "masterRepositoryMerchantId": "https://starbucks.com",
            "merchantStatus": "ACTIVE",
            "merchantName": "STAR BUCKS",
            "merchantShortDescription": "Dining Merchant",
            "createdByUserId": "vk50076",
            "updatedByUserId": "vk678123",
            "userInvite":[
                {
                    "userID":"094573",
                    "name": {
                        "givenName": "Bill",
                        "surname": "Smith"
                    },
                    "email": {
                        "emailAddress": "javier123@yahoo.com"
                    },
                    "mobileNo":"98765432",
                    "userCategory": "MAKER",
                    "notifyEmailFlag": true,
                    "countryCode": "SGP",
                    "departmentCode": 43123,
                    "userStatus": "ACTIVE"
                    
                }
            ]
        },
        {
            "merchantID": 2447123,
            "merchantUrl": "https://starbucks.com",
            "masterRepositoryMerchantId": "https://starbucks.com",
            "merchantStatus": "ACTIVE",
            "merchantName": "DTAR HUCKS",
            "merchantShortDescription": "Dining Merchant",
            "createdByUserId": "vk50076",
            "updatedByUserId": "vk678123",
            "userInvite":[
                {
                    "userID":"545573",
                    "name": {
                        "givenName": "John",
                        "surname": "Smith"
                    },
                    "email": {
                        "emailAddress": "javinhe@yahoo.com"
                    },
                    "mobileNo":"89765432",
                    "userCategory": "MAKER",
                    "notifyEmailFlag": true,
                    "countryCode": "SGP",
                    "departmentCode": 43123,
                    "userStatus": "ACTIVE"
                    
                }
            ]
        },
        {
            "merchantID": 8355447123,
            "merchantUrl": "https://starbucks.com",
            "masterRepositoryMerchantId": "https://starbucks.com",
            "merchantStatus": "ACTIVE",
            "merchantName": "STAR BUCKS 2",
            "merchantShortDescription": "Dining Merchant",
            "createdByUserId": "vk50076",
            "updatedByUserId": "vk678123",
            "userInvite":[
                {
                    "userID":"094573345",
                    "name": {
                        "givenName": "Bill",
                        "surname": "Smith 3"
                    },
                    "email": {
                        "emailAddress": "javier123678678@yahoo.com"
                    },
                    "mobileNo":"98765432",
                    "userCategory": "MAKER",
                    "notifyEmailFlag": true,
                    "countryCode": "SGP",
                    "departmentCode": 43123,
                    "userStatus": "ACTIVE"
                    
                }
            ]
        },
        {
            "merchantID": 244712334,
            "merchantUrl": "https://starbucks.com",
            "masterRepositoryMerchantId": "https://starbucks.com",
            "merchantStatus": "ACTIVE",
            "merchantName": "DTAR HUCKS",
            "merchantShortDescription": "Dining Merchant",
            "createdByUserId": "vk50076",
            "updatedByUserId": "vk678123",
            "userInvite":[
                {
                    "userID":"545573",
                    "name": {
                        "givenName": "John",
                        "surname": "Doe"
                    },
                    "email": {
                        "emailAddress": "johndoe@yahoo.com"
                    },
                    "mobileNo":"765432243",
                    "userCategory": "MAKER",
                    "notifyEmailFlag": true,
                    "countryCode": "SGP",
                    "departmentCode": 43123,
                    "userStatus": "ACTIVE"
                    
                }
            ]
        },
        {
            "merchantID": 8347123,
            "merchantUrl": "https://starbucks.com",
            "masterRepositoryMerchantId": "https://starbucks.com",
            "merchantStatus": "ACTIVE",
            "merchantName": "STAR BUCKS",
            "merchantShortDescription": "Dining Merchant",
            "createdByUserId": "vk50076",
            "updatedByUserId": "vk678123",
            "userInvite":[
                {
                    "userID":"094573",
                    "name": {
                        "givenName": "Bill",
                        "surname": "Smith"
                    },
                    "email": {
                        "emailAddress": "javier123@yahoo.com"
                    },
                    "mobileNo":"98765432",
                    "userCategory": "MAKER",
                    "notifyEmailFlag": true,
                    "countryCode": "SGP",
                    "departmentCode": 43123,
                    "userStatus": "ACTIVE"
                    
                }
            ]
        },
        {
            "merchantID": 2447123,
            "merchantUrl": "https://starbucks.com",
            "masterRepositoryMerchantId": "https://starbucks.com",
            "merchantStatus": "ACTIVE",
            "merchantName": "DTAR HUCKS",
            "merchantShortDescription": "Dining Merchant",
            "createdByUserId": "vk50076",
            "updatedByUserId": "vk678123",
            "userInvite":[
                {
                    "userID":"545573",
                    "name": {
                        "givenName": "John",
                        "surname": "Smith"
                    },
                    "email": {
                        "emailAddress": "javinhe@yahoo.com"
                    },
                    "mobileNo":"89765432",
                    "userCategory": "MAKER",
                    "notifyEmailFlag": true,
                    "countryCode": "SGP",
                    "departmentCode": 43123,
                    "userStatus": "ACTIVE"
                    
                }
            ]
        },
        {
            "merchantID": 8355447123,
            "merchantUrl": "https://starbucks.com",
            "masterRepositoryMerchantId": "https://starbucks.com",
            "merchantStatus": "ACTIVE",
            "merchantName": "STAR BUCKS 2",
            "merchantShortDescription": "Dining Merchant",
            "createdByUserId": "vk50076",
            "updatedByUserId": "vk678123",
            "userInvite":[
                {
                    "userID":"094573345",
                    "name": {
                        "givenName": "Bill",
                        "surname": "Smith 3"
                    },
                    "email": {
                        "emailAddress": "javier123678678@yahoo.com"
                    },
                    "mobileNo":"98765432",
                    "userCategory": "MAKER",
                    "notifyEmailFlag": true,
                    "countryCode": "SGP",
                    "departmentCode": 43123,
                    "userStatus": "ACTIVE"
                    
                }
            ]
        },
        {
            "merchantID": 244712334,
            "merchantUrl": "https://starbucks.com",
            "masterRepositoryMerchantId": "https://starbucks.com",
            "merchantStatus": "ACTIVE",
            "merchantName": "DTAR HUCKS",
            "merchantShortDescription": "Dining Merchant",
            "createdByUserId": "vk50076",
            "updatedByUserId": "vk678123",
            "userInvite":[
                {
                    "userID":"545573",
                    "name": {
                        "givenName": "John",
                        "surname": "Doe"
                    },
                    "email": {
                        "emailAddress": "johndoe@yahoo.com"
                    },
                    "mobileNo":"765432243",
                    "userCategory": "MAKER",
                    "notifyEmailFlag": true,
                    "countryCode": "SGP",
                    "departmentCode": 43123,
                    "userStatus": "ACTIVE"
                    
                }
            ]
        }
    ]
}