{
    "merchantList":[
        {
            "id":"00409",
            "Merchant":"Merchant 1",
            "MerchantCategory":"SSsampleCategory1, 123Category2, sa…",
            "DistributionList":"sampleDL345345@sample.com"
        }
        ,{
            "id":"004019",
            "Merchant":"Merchant 3",
            "MerchantCategory":"LsampleCategory1, demoCategory2, sa…",
            "DistributionList":"sampleDL34534@sample.com"
        }
        ,{
            "id":"004109",
            "Merchant":"Merchant 11",
            "MerchantCategory":"Category123, Category2, sa…",
            "DistributionList":"sampleD34535345L@sample.com"
        }
        ,{
            "id":"001409",
            "Merchant":"Merchant 12",
            "MerchantCategory":"sampleCategory1, samCategory2, sa…",
            "DistributionList":"sampleDL12312312@sample.com"
        }
        ,{
            "id":"010409",
            "Merchant":"Merchant 15",
            "MerchantCategory":"Yegory1, saCategory2, sa…",
            "DistributionList":"sampleDL123132@sample.com"
        }
    ]
}