{
    "userList":[
        {
            "id":"00409",
            "Merchant":"Herchant",
            "UserID":"Sample",
            "FirtName":"fName",
            "LastName":"IName",
            "Email":"Tample@sample.com",
            "MobileNo":"9875432",
            "Status":"Active"
        }
        ,{
            "id":"004209",
            "Merchant":"Rerchant",
            "UserID":"Tample",
            "FirtName":"smith 34",
            "LastName":"Doe",
            "Email":"Mample@sample.com",
            "MobileNo":"9345432",
            "Status":"Active"
        }
        ,{
            "id":"74209",
            "Merchant":"Terchant",
            "UserID":"Sample 1",
            "FirtName":"tom",
            "LastName":"IName",
            "Email":"Sample345435@sample.com",
            "MobileNo":"98711432",
            "Status":"Active"
        }
        ,{
            "id":"9209",
            "Merchant":"Serchant",
            "UserID":"Sample 1",
            "FirtName":"roney",
            "LastName":"IName",
            "Email":"Sample@sample.com",
            "MobileNo":"9875432",
            "Status":"Inactive"
        }
        ,{
            "id":"74209",
            "Merchant":"Berchant",
            "UserID":"Lample",
            "FirtName":"HName",
            "LastName":"messi",
            "Email":"Sample@sample.com",
            "MobileNo":"98765432",
            "Status":"Active"
        }
        ,{
            "id":"9209",
            "Merchant":"Cerchant",
            "UserID":"Sample",
            "FirtName":"KName",
            "LastName":"ronado",
            "Email":"Kample@sample.com",
            "MobileNo":"9665432",
            "Status":"Inactive"
        }
    ]
}