{
    "merchant":[
        {
            "merchantID":"0041",
            "merchantName":"MerchantName",
            "userInvite":[
                {
                    "userID":"SampleID1",
                    "firstName":"SamplefName1",
                    "lastName":"SamplelName1",
                    "email":"sample@sample.com",
                    "mobileNo":"98765432"
                }
            ]
        },
        {
            "merchantID":"0042",
            "merchantName":"bMerchantName1",
            "userInvite":[]
        },
        {
            "merchantID":"0043",
            "merchantName":"bMerchantName2",
            "userInvite":[]
        },
        {
            "merchantID":"0044",
            "merchantName":"bMerchantName3",
            "userInvite":[]
        },
        {
            "merchantID":"0045",
            "merchantName":"bMerchantName4",
            "userInvite":[]
        },
        {
            "merchantID":"0046",
            "merchantName":"bMerchantName5",
            "userInvite":[]
        },
        {
            "merchantID":"0047",
            "merchantName":"bMerchantName6",
            "userInvite":[]
        }
    ]
}