{
    "categories": [{
        "value": "Restaurants",
        "name": "Restaurants",
        "checked": true,
        "icon": "restaurantico"
    }, {
        "value": "Bars",
        "name": "Bars",
        "checked": false,
        "icon": "barico"
    }, {
        "value": "Hotels",
        "name": "Hotels",
        "checked": false,
        "icon": "hotelsico"
    }, {
        "value": "Travel",
        "name": "Travel",
        "checked": true,
        "icon": "travelico"
    }, {
        "value": "Shopping",
        "name": "Shopping",
        "checked": false,
        "icon": "shoppingico"
    }, {
        "value": "Lifestyle",
        "name": "Lifestyle",
        "checked": false,
        "icon": "lifestyleico"
    }],
    "merchant": {
        "categories": ["Restaurants", "Travel"],
        "country": "Singapore",
        "city": "Singapore",
        "description": "",
        "addressLine1": "8 Marina View",
        "addressLine2": "Tower 1, Asia Square, Level 1",
        "zipCode": "018960",
        "group":"SampleGroup",
        "name":"Merchant1"
    }
}
