{
    "name": {
      "givenName": "Bill",
      "surname": "Smith"
    },
    "email": {
      "emailAddress": "javier123@yahoo.com"
    },
    "userID":"003852",
    "status":"Active",
    "entitlementRole":"Country User",
    "designation":"SampleText",
    "mobileNo":"98765432",
    "userCategory": "MAKER",
    "countryCode": "SGP",
    "departmentCode": 43123,
    "uniqueReferenceNumber": "8347123123142123",
    "userStatus": "ACTIVE",
    "merchantDetails": {
      "merchantId": 8347123,
      "merchantUrl": "https://starbucks.com",
      "masterRepositoryMerchantId": "https://starbucks.com",
      "merchantStatus": "ACTIVE",
      "merchantAuthorizationStatus": "APPROVED",
      "merchantName": "STAR BUCKS",
      "providingInstantRebateFlag": true
    }
  }