{
    "tabMyAccount":[
      {
        "href":"/users/merchant/my-account/my-profile",
        "name":"My Profile"
      }
      ,{
        "href":"/users/merchant/my-account/merchant-detail",
        "name":"Merchant detail"
      }
      ,{
        "href":"/users/merchant/my-account/stores",
        "name":"Stores"
      }
    ],
    "tabPending":[
      {
        "href":"/users/merchant/promotions/pending/pending-your-action",
        "name":"Pending Your Actions"
      }
      ,{
        "href":"/users/merchant/promotions/pending/pending-company-action",
        "name":"Pending Company’s Actions"
      }
    ],
    "tabOnGoing":[
      {
        "href":"/users/merchant/promotions/ongoing/pending-your-action",
        "name":"Pending Your Actions"
      }
      ,{
        "href":"/users/merchant/promotions/ongoing/pending-company-action",
        "name":"Pending Company’s Actions"
      }
    ]
}