{
    "yourPending":[
        {
            "PromotionName":"20% cash back on all food orders",
            "Country":"Singapore",
            "CreationDate":"05 Mar 2018",
            "Status":"Draft"
        }
        ,{
            "PromotionName":"Starbucks 1-for-1",
            "Country":"Singapore",
            "CreationDate":"07 Mar 2018",
            "Status":"Pending review"
        }
        ,{
            "PromotionName":"Mornings Made Better",
            "Country":"Singapore",
            "CreationDate":"05 Mar 2018",
            "Status":"Pending agreement signing"
        },
        {
            "PromotionName":"20% cash back on all food orders",
            "Country":"Singapore",
            "CreationDate":"05 Mar 2018",
            "Status":"Draft"
        }
        ,{
            "PromotionName":"Starbucks 1-for-1",
            "Country":"Singapore",
            "CreationDate":"07 Mar 2018",
            "Status":"Pending review"
        }
        ,{
            "PromotionName":"Mornings Made Better",
            "Country":"Singapore",
            "CreationDate":"05 Mar 2018",
            "Status":"Pending agreement signing"
        }
    ]
}